#,Позиция (р. мтДНК),Ген,Замена,Тип гена,Роль в психиатрии,Популяц. частота (оценка),Функц. предиктор (рекомендация),Критерии ACMG/AMP (предварит.),Класс (предварит.)
1,250,D-loop,T→C,Контрольная зона (некодирующий),Косвенная: регуляция экспрессии мтДНК,Приватная (нет в Phylotree); вероятно <0.1 %,Проверить попадание в LSP/OriH/CSB/TAS; консервация (PhastCons),PM2 + (PP3 если в регуляторном сайте),VUS
2,410,D-loop,G→T,Контрольная зона,Косвенная,Приватная,Проверка регуляторных элементов,PM2,VUS
3,1721,MT-RNR1 (12S рРНК),C→A,рРНК,Нарушение трансляции → энергодефицит нейронов; описаны при нейродегенерации,Приватная,rAPOGEE (из набора nAPOGEE); консервация позиции (MLC из gnomAD),PM2 + PP3 (если rAPOGEE > порога) + возможный PM1,VUS
4,2354,MT-RNR2 (16S рРНК),A→T,рРНК,Аналогично 12S; OEUF = 0.30 → сильное негативное давление отбора,Приватная,rAPOGEE; проверка консервативности позиции,PM2 + PP3 + PM1 (если консервативна),VUS
5,9378,MT-CO3 (комплекс IV),T→A,Кодирующий (цитохром с оксидаза),Энергетический дефицит нейронов; описан при когнитивных нарушениях,Приватная,MToolBox (MutPred + Polyphen-2 + SNPs&GO) → «общий балл болезни»,PM2 + PP3 (если ≥2 предиктора «повреждающий»),VUS
6,9967,MT-CO3 (комплекс IV),T→A,Кодирующий,Аналогично поз. 9378,Приватная,MToolBox,PM2 + PP3,VUS
7,10035,MT-TG (тРНК Gly),T→C,тРНК,Нарушение трансляции; тРНК-мутации — частая причина энцефалопатий,Приватная,MitoTIP + tAPOGEE (из nAPOGEE); оценка влияния на «трилистник»,PM2 + PP3 (если MitoTIP/tAPOGEE предсказывают патогенность),VUS
8,10239,MT-ND3 (комплекс I),A→C,Кодирующий,Прямая связь:" комплекс I — основной источник АФК; дефицит описан при шизофрении, депрессии, биполярном расстройстве",Приватная,"MToolBox (MutPred, Polyphen-2, SNPs&GO)",PM2 + PP3,VUS
9,10820,MT-ND4 (комплекс I),C→A,Кодирующий,Прямая связь:" мутации в ND4 ассоциированы с LHON, который может сопровождаться психиатрическими симптомами",Приватная,MToolBox,PM2 + PP3,VUS
10,11723,MT-ND4 (комплекс I),A→T,Кодирующий,Аналогично поз. 10820,Приватная,MToolBox,PM2 + PP3,VUS
11,12502,MT-ND5 (комплекс I),T→A,Кодирующий,Прямая связь:" мутации в ND5 описаны при MELAS, синдроме Лебера; психиатрические проявления (психоз, депрессия) — характерная часть фенотипа",Приватная,MToolBox,PM2 + PP3,VUS
12,12851,MT-ND5 (комплекс I),T→A,Кодирующий,Аналогично поз. 12502,Приватная,MToolBox,PM2 + PP3,VUS
13,13781,MT-ND5 (комплекс I),T→G,Кодирующий,Аналогично поз. 12502,Приватная,MToolBox,PM2 + PP3,VUS
14,15044,MT-CYB (комплекс III),C→A,Кодирующий,Мутации CYB описаны при синдроме Лебера; возможны нейропсихиатрические проявления,Приватная,MToolBox,PM2 + PP3,VUS
15,15302,MT-CYB (комплекс III),C→G,Кодирующий,Аналогично поз. 15044,Приватная,MToolBox,PM2 + PP3,VUS
16,15925,MT-TT (тРНК Thr),C→G,тРНК,Нарушение трансляции; может приводить к митохондриальной энцефалопатии,Приватная,MitoTIP + tAPOGEE,PM2 + PP3,VUS
17,16130,D-loop,G→A,Контрольная зона,Косвенная; известные полиморфизмы в HVS1,Приватная (не в Phylotree для данной гаплогруппы),Проверка регуляторных сайтов,PM2,VUS
18,16322,D-loop,A→C,Контрольная зона,Косвенная,Приватная,Проверка регуляторных сайтов,PM2,VUS
19,16393,D-loop,C→A,Контрольная зона,Косвенная,Приватная,Проверка регуляторных сайтов,PM2,VUS
